Chunk Index,Topic,Description
1,Pre-training Methods and Objectives,"This theme covers the development of pre-training methods and objectives, including the use of deep bidirectional transformers, language models, and representation learning techniques."
1,Advancements in Transformer Models and Applications,"This theme discusses recent advancements in transformer models, their applications, and the various tasks they can be used for, such as named entity recognition, question answering, and contextual representation learning."
2,Natural Language Processing (NLP) Applications and Techniques,"This theme covers various NLP techniques, including language models, fine-tuning, and task specifications, with a focus on improving model performance and understanding its applications."
2,BERT Model Development and Evaluation,"This theme discusses the development and evaluation of BERT-based models, including pre-training objectives, fine-tuning parameters, and task-specific improvements, highlighting the advancements in this area."
3,Advancements in BERT-Based NLP Models,"This theme focuses on the development, improvements, and applications of Bidirectional Encoder Representations from Transformers (BERT) in natural language processing tasks."
3,NLP Model Training Strategies and Optimization,"This theme explores various techniques for training and fine-tuning BERT models, including model size and accuracy adjustments, pre-training objectives, feature-based approaches, and other optimization strategies."
4,Natural Language Processing (NLP) Applications,"This theme covers various NLP applications, architectures, and techniques, including machine comprehension models, attention mechanisms, and pre-trained model architectures for tasks such as sequence labeling, sentiment analysis, and next sentence prediction."
4,Deep Learning Architectures and Training Methods,"This theme explores the use of deep learning architectures, training methods, and hyperparameter tuning in NLP applications, including bidirectional architectures, reinforced mnemonic readers, and ablation analysis for pre-training model architectures."
5,Pre-Training and Fine-Tuning Techniques,"This theme explores various techniques for training and fine-tuning language models, including pre-training on different architectures, hyperparameter tuning, and masking strategies."
5,BERT Architecture and Applications,"This theme focuses on the advancements and applications of the BERT architecture, including its use in masked language modeling, next sentence prediction, fine-tuning for different tasks, and comparison with other models like ELMo and OpenAI GPT."
